"بشاره نعيمخر ايه",روم ارثوذكس,,,,
"عامر احمد اسكندراني",,,,,
"زياد غازي عيتاني",,,,,
"اكرم محمد سانو",سني,الثانية,بيروت,المعارضة البيرونية,
"ياسين معروف قدادو",,,,,
"سفيه معروف ظاظا",,,,,
"لينامحمد علي حمدان",,,,,
"دلال حليم الرحباني",انجيلي,,,,
"سعيد علي حلبي",درز تي,,,,
"جورح نان شقير",روم ارثوذكس,,,,
"صلاح الدهنيوسف سلام",,,,,
"عماد مدحت الحوت",,,,,
"ساعد الدهن نمر الوزان",٠,بيروت الثانية,,بيروت الوطن,
"",سدي,,,,
"محمد نبيل عثمان بدر",,,,,
"بشار حسين قوتلي",,,,,
"ابراهيم محمد مهدي شمس الدهن",,,,,
"سلوى ايوب خليل",,,,,
"نبيل رياضى السبعلي",انجيلي,,,,
"هاني رامز فيات",درز تي,,,,
"عمر نجاح واكيم",روم ارثوذكس,,,,
"فراس عهد الرحمن منيمنه",,,,,بيروت الثانية
"يوسف عهد القادر الطهثد",,,,,
"",,بيروت الثانية,,صوت الناس,
"حنان احمد عثمان",,,,,
"فاتن فيصل زهن",,,,,
"ابراهيم محمد الطهي الدلال",,,,,
"زلى توفيق الحوري",,,,,
"نعمت هاشم بدر الدين",ث ص.ي.,,,,
"رجا رفيق الزهري",درز تي,,,,
"مخايل بهاء مخايل",روم ارثوذكس,,,,
"جهاد حسن الأحمد مطر",٠,بيروت الثانية,,كرامة بيروت,
"",سدي,,,,
"حنان عدنان الشعار",,,,,
"خالد محمود سود",,,,,
"خلود موفق الوتار",,,,,
"نهاد سليم يذهله",,,,,
"",انجيلي,,,,
"زينه نبيه مجدلاني",روم ارثوذكس,,,,
"فاطمه احمدمشرف",,,,,
"",,بيروت الثانية,,كلل بيروت,
"ندين محمود عيتاني",,,,,
"مروان وليد الطيبي",,,,,
