"ابراهيمصن منيمنة",سدى,,,
"",,بيروت الثانية,كلل بيروت,
"ناجي حسين قديح",,,,
"نديم قزحيا قسطه",اينح٠يلى,,,
"زينةكمل منذر",درز تي,,,
"خليل إميل برمانه",روم ارثوذكس,,,
"محمود عهد القادر كريدية",,,,
"رنا محمد للسهر الشميطلي",,,,
"",,بيروت الثانية,لبنان حرزان,
"فؤادمصطفى مخزومي",,,,
"عصام بشهر برخوث",,,,
"",,,,بيروت الثانية
"معروف محمود عيتاني",,,,
"ساعد الدهنصن خالد",,,,
"يوسف محمد بيضون",٠ع٠ .. ي,,,
"ادكارجوزف طرابلس",انجيلي,,,
"عمر عهد القادر خندور",,,,
"عدنانخضر طرابلس",,,,
"",,بيروت الثانية,وجدة بيروت,
"محمد امين انور بعاصيري",,,,
"امين محمد ثري",,,,
"",٠ع٠ .. ي,,,
"محمد مصطفى خواجه",,,,
"صك محمد زعيتر",,,,
"سام اسد الهاشم",,,,
"",ماروني,,,
"جان لوي لويس قرداحي",,,,
"كارلوس بطرس ليي ناضر",,,,
"",,,التضامن الوطني,
"جوزيف طانيوس الزايك",,,,
"جوزاف طانيوس زخهب",ماروني,كسروان,,
"زينهجوزاف الكلاب",,,,
"ميشال بشاره كيروز",,,,
"محمود ابراهيم عواد",,,,
"",٠ع٠ .. ي,,,
"زياد حليم الحواط",,,,
"",ماروني,,,
"فادي نجيب روحاناصقر",,,,
"روك انطوان طانيوس مهنا",,,,
"باتريسيا جان الياس",,,,جهل لبنان ه
"شوقي جرجي الدكاش",ماروني,كسروان,,
"نعمان جوزيف مراد",,,,
"زياد حههب خليفه هاشم",,,,
"مصطفى علي الحسيني",,,,
"",٠ع٠ .. ي,,,
"فارس انطون سعيد",,,,
"",ماروني,,,
"جان نسيب الحواط",,,,
"فريد هيكل الخازن",,,,
"",,,عل القرار,
"يوسف المعروفجوزف حنا خليل",,,,
"يولاند سبيمون خوري",ماروني,كسروان,,
"شاكر الياس سعته",,,,
"جلبرت موريس زوين",,,,
"محمد كرم المقداد",س٠ع٠يعي,ج عبيل,كلل وطني,
