"نعمهجرجس محفوص",روم ارثوذكس,,,,,,
"شادي نان نشابه",,,,,,,
"ديما محمد رشيد الجمالي",,,,,,,
"محمد عهد اللطيف كباره",,,,,,,
"",,,ثقبا للث لل,,ال,,
"",,طرابلس,,,,,
"سمير عدنان الجسر",,,,,,,
"وليد محمود الصوالحي",,,,,,,
"ليلىصن شحود",,,,,,,
"جورح طانيوس الهكديني",,,,,,,
"علي مصطفى هرموش",سني,.. .. ٠ ٠ ا,,,,,
"",سني,المنية,,,,,
"نسطاس وليم الكوثظي",روم ارثوذكس,,قرار الشعب,,,,
"خالد كامل روميه",,,,,,,
"",,طرابلس,,,,,
"محمود عهد الكريم شحاده",علوي,,,,,,
"طوني فريد ماروني",ماروني,,,,,,
"داني محمود عثمان",,,,,,,
"",سني,الضنية,,,,,
"",سني,المنية,,,,,
"فرح ابراهيم عيسى",روم ارثوذكس,,,,,,
"",,,,,,,اكمل يو
"مالك فيصل مولوي",,,,,,,
"واثق عهد الرزاق المقدم",,,,,,,
"",,,كلناوطني,,,,
"",,طرابلس,,,,,
"يحي كمل مولود",,,,,,,
"ناريمان عادل الثسعه",,,,,,,
"زهن الدهن نور الدهن دهب",,,,,,,
"موسى اسعدخوري",,,,,,,
"راهب محمد فيصل رعد",,,,,,,
"",سني,الضنية,,,,,
"وليد محمد للمصري",سني,المنية,,,,,
"جورح نقولا الجلاد",روم ارثوذكس,,,,,,
"علي عبدالحليم الايوبي",,,,,,,
"اشرف احمد ريفي",,,لبنان السيادة,,,,
"خالد عمر تدمري",,,,,,,
"",,طرابلس,,,,,
"محمد كمل الدهن سلهب",,,,,,,
"محمد وليد عهد القادر قمر الدهن",,,,,,,
"بدرصك عهد",طوى,,,,,,
"حليم نعيم زعني",ماروني,,,,,,
"نعمه ابراهيم ابراهيم",,,,,,,
"",ماروني,البترون,,,,,
"جبران جرجي باسيل",,,,,,,
"نقولا بله فؤاد بلهضمن ضمن",,,,,,,
"جورح نعيم عطا ايه",روم ارثوذكس,الكورة,الشمل القوي,,,,اكمل ق
"عيتا حههبصعب",,,,,,,
"سعيد يوسف طوق",,,,,,,
"",ماروني,بشرى,,,,,
"جورح بدوي بطرس",,,,,,,
