"هلال لسد عهدااة",,,,
"ناجي نبيه البستاني",,,,
"جورح جميل عدوان",ماروني,,,
"خطاس سمعان الخوري",,,,
"لكرمصك شهيب",درز تي,,,
"انيس وديع نصار",رو ع ارثوذكس,عاليه,,
"راجي نجيب السعد",,,,
"",ماروني,,,
"هنري بيار الحلو",,,,
"ونام ماهر نجيب وهاب",درز تي,,,
"سليمان محفوظ ابورجيلي",روم كاثوليك,,,
"زاهر انور الخطيب",,,,
"",سني,الشوف,,
"الياس عهد السلام البراج",,,,
"زياد انطوان الشويري",,,,
"",ماروني,,الوحدة الوطنية,
"اسعد ادمون ابو جوده",,,,
"خالد عارف خداج",,,,
"",درز تي,,,
"شفيق سعته رضوان",,,,
"",,عاليه,,
"وليد انيس خهرااة",روم ارثوذكس,,,
"سهيل خليل بجاني",ماروني,,,
"مازنعصمت هو درهم",,,,
"",درز تي,,,
"مروان سلمان الساري حلاوي",,,,
"ضان امل عطاالله",روم كاثوليك,,,
"علي صلاح الدهن الحاح",,,,جهل لبنانه
"",سني,الشوف,,
"طارق محمد الخطيب",,,,
"فريدجورح فيليب البستاني",,,,
"",,,ضمانة الجبل,
"ماريو عزيز عون",ماروني,,,
"سمير يوسف عون",,,,
"الامر طلال الامر مجيد ارسلان",درز تي,,,
"الياس شديد حنا",رو ع ارثوذكس,عاليه,,
"عماد مارون الحاج الملقب بالمعلم",,,,
"",ماروني,,,
"سبيزار ريمون ابي خليل",,,,
"ماهر مامون ابو شقرا",,,,
"",درز تي,,,
"رانيه عادل هيث",,,,
"انطوان حههب فواز",روم كاثوليك,,,
"مازن محمد نصر الدهن",,,,
"محمد سامي الحجار",,,,
"جورح اميل عون",,,كلناوطني,
"",ماروني,,,
"غاده غازي ماروني",,,,
"عماد حسيب للقاضي",,,,
"",درز تي,,,
"علاء انور الصايغ",,,,
"",,عاليه,,
"زويا نجيب جريديني",روم ارثوذكس,,,
"كارل فريد هو ملهم",ماروني,,,
"رامي نهاد حماده",درز تي,,,
"شكري يوسف حداد",روم كاثوليك,,,
