"ميشال اميلضاهر",روم كاثوليك,,,,,,
"احمد عهد ايه بيان",,,,,,,
"محمد احمد ظيطي",,,,,,,
"مهدي نايف زخهب",,,,,,,
"ساعد فوزي حماده",,,,,,,
"",,,ثقل عه,ال,,,
"",,بعلبك الهرمل,,,,,
"غاده اسد عساف",,,,,,,
"فيصل علي الصيني",,,,,,,
"فايز شهاب شكر",,,,,,,
"فادي علي يونس",,,,,,,
"سندريللا الياس مرهج",ماروني,,,,,,
"",,,,,,,البقاع ق
"سليم ميشال كلاس",روم كاثوليك,,,,,,
"بكر محمود الحجري",,,,,,,
"صك محمد صلح",,,,,,,
"محمدصن الحاج سليمان",,,,,,,
"خالي عباس ياغي",,,,,,,
"",,بعلبك الهرمل,لانحة الكرامة والانعام,,,,
"محمد سلمان حميه",,,,,,,
"رفعت نايف المصري",,,,,,,
"انطوان البدوي حهثس",ماروني,,,,,,
"روبير الياس الخوري",روم كاثوليك,,,,,,
"امين ادمون رزق",,,,,,,
"",ماروني,,,,,,
"انجل بشاره الخوند",,,التكامل والكرامة,,,,
"صن محمد عليمشمس الدهن",,,,,,,
"بهية بهاء الدهن الحريري",,,,,,,
"سليم انطوانخوري",روم كاثوليك,,,,,,
"زياد ميشال لسد",٠,جزين,,,,,
"",ماروني,,,,,,
"امل حكمت لهو زيد",,,صيدا وجزين معأ,,,,
"عهد الرحمن الدكتور نزيه البزري",,,,,,ه,الجنوب
"بسام ابراهيم حمود",,,,,,,
"عجاج جرجي حداد",روم كاثوليك,,,,,,
"جوزاف الياس نهرا",ماروني,,قدرة التغيير,,,,
"سمير محمد البزري",,,,,,,
"يوسف حنا بشاره حنا ساعد السكاف",روم كاثوليك,ص,,,,,
"",٠,جرين,,,,,
"ابراهيمسد عازار",ماروني,,,,,,
"",,,لكل الناس,,,,
"عهد القادر نزيه البساط",,,,,,,
"اسامهمعروف ساعد المصري",,,,,,,
"نواف محمود الموسوي",,,,,,,
"",شيعي,صور,,,,,
"علي يوسف خريس",,,,,,,
"",,,الأمل والوفاء,,,يو,الجنوب
"عناية محمد عز الدين",,,,,,,
"ميشال حنا موسى",روم كاثوليك,اه ا,,,,,
"",,ارى صيد,,,,,
"علي عادل عسيران",,,,,,,
