"خولاي خالد الأسعد",,,,
"سدعادحسن صلاح",,,,
"",,عكار,نساء عكار,اكمل ه
"رولى محمد المراد",,,,
"ماري سلم سالم الخوري",ماروني,,,
"جهاد علي يوسف",,,,
"",سني,الضنية,,
"محمد احمد طلال الفاضل",,,,
"كاظم صالحخر",سني,المنية,,
"نقولا كميل نحاس",روم ارثوذكس,,,
"محمد نجيب عزمي ميقاتي",,,,
"رشيد ابرا ههم المقدم",,,,
"",,,,
"",,,,
"محمد توفيق محمد راشد سلطان",,,,
"",,طرابلس,,
"مرفث محمد فضل الهز",,,,
"محمد انس عهد ايه نديم الجسر",,,,
"علي احمد درويش",,,,
"جان بدوي عبيد",,,,
"عهد السلام احمد طراد",,,,
"",سني,الضنية,,
"علي فاروق الصمد",,,,
"محمد محمود الحاج احمد",سني,المنية,,
"منزه جبران صوان",روم ارثوذكس,,,
"محمد مصباح عوني احدب",,,القرار المستقل,
"ناريمان هلال الجمل",,,,
"",,طرابلس,,
"وسهم علي علوان",,,,
"هشام رياضى إبراهيم",,,,
"انطوان روفايل خليفه",,,,اكمل يو
"",سني,ا ني ..٠,,
"جهاد مرشد الصمد",,,,
"عادل محمد كاظم فريقه",سني,المنية,,
"رظي انطون دياب",روم ارثوذكس,,,
"محمد صفوح احمدعصمت شريف يكن",,,,
"طه عطفت ناجي",,,الكرامة الوطنية,
"فيصل عمر كرامي",سني,طرابلس,,
"ايمن نور الدهن عمر",,,,
"عبدالناصر عهد العزيز للمصري",,,,
"احمد محمود عمران",,,,
"ساح يحي العرجه",سني,.. .. ٠ ٠ ا,,
"ليمن عمر جمل",,,,
"عهدااة عهد القادر الرفاعي",سني,المنية,,
"فادي بيكار الجمل",روم ارثوذكس,,المجتمع المدني المستقل,
"جمل نصر الدهن حمرا البدوي",,,,
"",سني,طرابلس,,
"ههه عصام نجا",,,,
"صانصن خليل",,,,
"قاسم علي عهد العزيز",,,,
"",,الضنية,,
"سامي احمد شوقي فتفت",,,,
"",,المنية,,
