"",نبيهمصطفى بري,شيعي,قرى صيدا,الأمل والوفاء,
"",عبدالناصرصن فران,,,,
"",احمد محمد سعيد مروه,,,,
"",,شيعي,صور,,
"",رائد جعفر عطايا,,,,الجنوب يو
"",,,,معا نحو التغيير,
"",ليناصن الصيني,,,,
"",وسام نهيه الحاج,روم كاثوليك,جه,,
"",,.,ارى صيدا,,
"",رياضى سعيد الاسعد,,,,
"",هانيصن قهسي,,,,
"",محمدصن رعد,شيعي,النبطية,,
"",ياسين كامل جابر,,,,
"الية",صن نظام الدهنفضل,,,,
"",ايوب فهد حميم,,,,
"",علي احمد بزي,,,الأمل والوفاء,
"",انور محمد الخليل,درز تي,,,
"",لسعد حليم حردان,روم ارثوذكس,,,
"",قاسم عمر هاشم,سني,مر ج عيون وحاصبيا,,
"",علي رشيد فيات,,,,
"",,٠ع٠ ..ي,,,
"",علي حسن خليل,,,,
"",نديم سميح عسيران,,,,
"",هشام محمود مفيد جابر,شيعي,النبطية,,
"",مصطفى علي بدر الدهن,,,,
"",محمد مصطفى قدوح,,,,
"",صك جهاد الشاعر,,,,
"",,,,الجنوب يستحق,
"",وسام كمل شروف,درز تي,,,
"",شاديجرجسصد,روم ارثوذكس,,,
"",,,,,الجنوب ق
"",عماد فؤاد الخطيب,سني,مر ج عيون وحاصبيا,,
"",عباس محمدشرف الدهن,,,,
"",,٠ع٠ ..ي,,,
"",مرهف احمد رمضان,,,,
"",احمد سامي اسماعيل,,,,
"",,شيعي,النبطية,,
"",رامي سلمان عليق,,,,
"",علي محمدصن الامين,س٠ع٠يعي,بنت ع,شبها حكي,
"",فادي كليم سعته,روم ارثوذكس,,,
"",,٠ع٠,مرجعيون وحاصبيا,,
"",عماد محمد قميحه,,,,
"",علي حسين حاج علي,شيعي,النبطية,,
"",عباس علي سرور,,,,
"صك محمد لمهن بيضون",,,,,
"",احمد محمد مراد,,,صوت و احد للتغيير,
"",نان مهنا حدهفه,درز تي,,,
"",هلا فيليب ابوكعم,روم ارثوذكس,مرجعيون وحاصبيا,,
"",سعيد محمد عهر,,,,
"",احمد محمد كامل الاسعد,شيعي,النبطية,,
"",محمد فرج ايهفرج,,,,
"",,س٠ع٠يعي,بنت ع,,
"",عهدااة محمود السلمان,,,,
