"مخايل الياس الرنوز",روم كاثوليك,,,
"ندى خطار عيب",,,,
"سامي امين الجميل",,المتن,نبني المتن,جهل لبنان يو
"",ماروني,,,
"جوزيف قزحيا كرم",,,,
"الياس رائيف حنكثد",,,,
"سهيل لسعد الأعور",درز تي,,,
"فادي فخري علامه",,,,
"علي فضل عمار",,,,
"",,,الوفاق الوطني,
"ناجي كميل غاريوس",,,,
"الانجوزف عون",ماروني,,,
"حكمت فرج دهب",,,,
"اجود محمد العيان",درز تي,,,
"الفت حمزه السبع",,,,
"سعيد محمد علامه",,,,
"",,,سوا لبعبدا,
"ايلي مخايل غاريوس",,,,
"بول شفيق ابي راشد",ماروني,,,
"رمزي جميل هو خظد",,,,جهل لبنان ق
"رانيةرفعت المصري",درز تي,,,
"علي حسن درويثد",,,,
"واصف حههب الحركه",,,,
"",,,كلناوطني,
"زياد مخايل عقل",,,,
"ماري كلود البر الحلو",,,,
"جوزف انطوان وانيس",,,,
"هادي محمد رفيق لهو الصن",,,,
"صلاح محمود الحركة",,,,
"جوزف ميشال عضيمي",,,وجدة واضاء لعهد ا,
"سبينتيا احمد رياضى الاسمر",,,,
"بيار رشيد هو عاصي",,,,
"سامي توفيق حماده",,,,
"الحان وليد فرحات",,,,
"ضان نعيم مغهغب",,,,
"رأفت احمد شعبان",,,,
"مازن خلف شبو",,,,
"كميل ميشال دوري شمعون",,,القرار الحر,
"دعد ناصيف القزي",ماروني,,,
"جوزاف حسيب عهد",,,,جهل لبنانه
"سامي سلمان الرماح",درز تي,,,
"انطوان نسيب هو ملهم",,عاليه,,
"",ماروني,,,
"تيودورا طوني بجاني",,,,
"تيمور وليد جنبلاط",,,,
"",درز تي,,,
"مروان محمد حماده",,,,
"نعمةيوسف طعمة",روم كاثوليك,,,
"محمد قاسم رشيد الحجار",,,,
