"المرشح",المقعد,الدائرة الصغرى,اللاذعة,الدائرة النهرى
"كورين المعروف هجورج هامازاس بوشكيان",ارمن ارثوذكس,,,
"نقولا نجيب سابا",روم ارثوذكس,,,
"نقولاناصيف العموري المعلوف",,,,
"",روم كاثوليك,,,
"مريم جبران طوق",,,الكتلة ال .ش.(عبية,
"احمد عهده العجمي",,,,
"اسامهمحسن سلهب",,,,
"بول جان شربل",ماروني,,,
"بوخوس ههراهت كورديان",ارمن ارثوذكس,,,
"قيصر نعيم رزق المعلوف",روم ارثوذكس,,,
"جورح ايلي عقيص",,,,
"",روم كاثوليك,,,
"ميشال الياس فتوثد",,زحلة,زحلة قجهض٠يتا,
"محمد علي احمد ميتا",,,,
"عامر محمد الصبوري",,,,
"ايلي ميشال ماروني",ماروني,,,
"ماري جان كريكور مهران بيللجيان",ارمن ارثوذكس,,,
"اسعد شارل نكد",روم ارثوذكس,,,
"",,,,البقاع ه
"ميشال ميشال السكاف",,,,
"",روم كاثوليك,,,
"ميشال جورح ضاهر",,زحلة,زحلة للكل,
"عاصم فايز عراجي",,,,
"نزار محسن دلول",,,,
"سليمجورح عون",ماروني,,,
"ادي بوخوس دمرجيان",ارمن ارثوذكس,,,
"ناصيف الياس التيني",روم ارثوذكس,,,
"نقولا ميشال فتوثد",روم كاثوليك,,,
"",,,زحله الخيار والقرار,
"وجيه محمد عراجي",,,,
"انور حسين جمعه",,,,
"خليل جورح للهراوي",ماروني,,,
"لاندا ادوار شديد",روم ارثوذكس,,,
"ضان جورح معلوف",روم كاثوليك,,,
"هود نواف الطعيمة",,زحلة,كلناوطني,
"محمد عباسصن",,,,
"حنا فوزي حههب",ماروني,,,
