"الكسندر ابراهام ماطوسيان",,,,,
"هاكوب مارديروسسارس ترزيان",ارمن ارثوذكس,,,,
"ساهوح اوهانس قالباكيان",,,,,
"سارح انجب جوخاداريان",ارمن كاثوليك,,,,
"",,بيروت الأولى,,بيروت الاولى القوية,
"انطوان قسطنطين هانو",اقليات,,,,
"نقولا ايلي شماس",روم ارثوذكس,,,,
"نقولاموريس صحناوي",روم كاثوليك,,,,
"مسعود جوزف الأشقر",ماروني,,,,
"بوليت سبيراكان ياخوهيان",,,,,
"لوري قره هت حيطايان",ارمن ارثوذكس,,,,
"ليفونهو- تلفزهان",,,,,بيروت الأولى
"يوركي موريس كروز",ارمن كاثوليك,,,,
"",,بيروت الأولى,,كلناوطني,
"جمانه عطاالله سلوم",اقليات,,,,
"زياد ريمون عبس",روم ارثوذكس,,,,
"لوسيانجرجس بورجيلي",روم كاثوليك,,,,
"جيلبير جورح ضومط",ماروني,,,,
"ساهيوه يغيا مخجيان",ارمن ارثوذكس,,,,
"سبيرج بارج طورسركيسيان",ارمن كاثوليك,,,,
"رفيق جبرائيل بازرجي",اقليات,بيروت الأولى,,نحنا بيروت,
"ميشيل جبران تويني",روم ارثوذكس,,,,
"جورح ريمون صفير",ماروني,,,,
"فادي بهنان زرازير",انجيلي,,,,
"اندهراسد الزهري",درز تي,,,,
"ليون سورين سيوفي",روم ارثوذكس,,,,
"خالد ابراهيم حنقير",,,,,
"عهد الرحمنخضر الغلاهني",,,,,
"",,بيروت الثانية,,البيارتة المستقلين,
"وليد شفيق شاتيلا",,,,,
"خالد سعيد ممتاز",,,,,
"عهد الكريمصك عيتاني",,,,,
"جهاد علي سود",,,,,
"وسام سعيد عكوثد",,,,,
"باسم الدكتوررمزي الشاب",انجيلي,,,,
"",,,,,بيروت الثانية
"فيصل عفيف الصايغ",درز تي,,,,
"نزيه نقولا نجم",روم ارثوذكس,,,,
"تمامصائب بله سلام",,,,,
"رولا نزار الطهثد",,,,,
"ربيع محمد صونه",,بيروت الثانية,,المستقبل لبيروت,
"زاهر وليد عيدو",,,,,
"ساعد الدهن رفيق الحريري",,,,,
"نهاد صالح المشنوق",,,,,
"غازي علي يوسف",,,,,
"علي كمل للشاعر",,,,,
"زينه شوقي منصور",درز تي,بيروت الثانية,,المعارضة البيرونية,
