"كنج محمود علم الدهن",درزي,,,
"منح الياسصعب",روم ارثوذكس,,,
"عدنانصن الخطيب",سني,مر ج عيون وحاصبيا,فينا نغير,
"عهر خالي رمضان",,,,
"",٠ع٠ ..ي,,,
"رباح كاظم ابي حيدر",,,,
"",,,,الجنوب ق
"جميل محمد علي بلوط",شيعي,النبطية,,
"ريما علي حميد",,,,
"",شيعي,بنت ع,,
"صلاح مهدي نور الدين",,,كلل وطني,
"اكرم محمد قيس",درزي,,,
"",عصم ا,مرجعيون وحاصبيا,,
"فادي عصام ابو جمره",روم ارثوذكس,,,
"كريم عهدااة الراسي",,,,
"",روم ارثوذكس,,,
"اميل نعيم عهود",,,,
"صك محمد ياسر المصري",,,,
"وجيه محمد البعريني",سني,عكار,القرار لعكار,
"عدنان محي الدهنمرعب",,,,
"صك محي الدهن السلوم",علوي,,,
"مخايل انطونيوس ضاهر",ماروني,,,
"وهبي خليل خليل قاطيثده",,,,
"",روم ارثوذكس,,,
"جان نقولاموس",,,,
"محمد مصطفى سليمان",,,,
"وليد وجيه البعريني",سني,عكار,المستقبل لعكار,
"محمد طارق طلال المرعبي",,,,
"",علوي,,,
"هادي فوزي حهيثد",ماروني,,,
"لسعد رامز درهام",,,,
"",روم ارثوذكس,,,
"رياضى نقولارحل",,,,
"",,,,اكمل ه
"محمد عهد الفتاح شديد",سني,عكار,عكار القوية,
"محمودخضر حداره",,,,
"مصطفى عليصك",علوي,,,
"جيمي جورح جهور",ماروني,,,
"باسم احمد الخالد",,,,
"كمل عهد الرحيم خزعل",,,,
"",,عكار,قرار عكار,
"عليخضر عمر",,,,
"جورح انطونيوس نادر",ماروني,,,
"ايلي اسعد ساعد",,,,
"",روم ارثوذكس,,,
"جوزيف وههي وههي",,,,
"احمدصن جوهر",,,,
"بدر علي اسماعيل",سني,عكار,لبنان السيادة,
"ابراهيممرعب مرعب",,,,
"محمد ابراهيم رستم",علوي,,,
"زياد سعود بيطار",ماروني,,,
"نضل كرم السكاف",روم ارثوذكس,عكار,نساء عكار,
