"بيارجرجس رفول",,,,
"جواد سايمون بولس",ماروني,زغرتا,الشمل القوي,
"ميشال رانهمطهر",,,,
"ليل سمعان هوموس",,,,
"",ماروني,البترون,,
"انطون حههب الخوري حرب",,,,
"بسام نديمهطوس",,,,
"",روم ارثوذكس,الكور ة,,
"فدوى فايز ناصيف",,,,
"ادمون مخائيلطوق",,,,
"",ماروني,,,
"موريس رومانوس الكورى",,,,
"رياضى سركيس هزاله",,,,
"انطوان يوسف هنن",ماروني,زغرتا,,
"انطونيا رامز خمره",,,,
"بطرس جوزف الخوري حرب",ماروني,البترون,,
"فايز ميشالضمن",,,,
"عهد ايه عليم الزاخم",روم ارثوذكس,الكور ة,,
"سليم عهدااة سعاده",,,,اكمل ق
"روي بهجت عهعدى الخوري",,,معا للشعر ولبنان,
"",ماروني,,,
"ملحم جبرانطوق",,,,
"سليم بلهيوسف بله كرم",,,,
"اسطفانبطرس الدويهي",ماروني,زغرتا,,
"طوني سليمان فرنجية",,,,
"فادي يوسف ساعد",,,,
"",ماروني,البترون,,
"سامر جورح سعاده",,,,
"البر جميل اندراوس",,,,
"فادي عهدااة كرم",روم ارثوذكس,الكور ة,,
"جورح موسي منصور",,,,
"",,,نبني الجمهورية القويه,
"سعيدا الياسطوق",,,,
"",ماروني,,,
"جوزاف جرجس اسحق",,,,
"ميشال ياخس الدويهي",,,,
"ماريوس بطرس البعيني",ماروني,زغرتا,,
"قيصر فريدمعو.",,,,
"انطوانجوزف قلايجيان",ارمن كاثوليك,,,
"جينا جميل الشماس",اقليات,,,
"",,بيروت الأولى,الوفاء لبيروت,
"روبير عبدو الاههضى",روم ارثوذكس,,,
"روجه امل الشويري",ماروني,,,
"اويدهسيغوص داكسيان",,,,
"كارول نورا خاتشيك بابكيان",ارمن ارثوذكس,,,
"",,,,بيروت الأولى
"الينا نيشان كلونسيان",,,,
"جان لرثف طالوزيان",ارمن كاثوليك,,,
"",,بيروت الأولى,بيروت الاولى,
"رياضى امين عاقل",اقليات,,,
"عماد نعيم واكيم",روم ارثوذكس,,,
"ميشال بهير فرعون",روم كاثوليك,,,
"نديم بشهر الجمك",ماروني,,,
