"فيصل عليم داود",درز تي,,,,
"ايلي نجيب فرزلي",روم ارثوذكس,,,,
"عهد الرحيم يوسف مراد",سني,البقاع الغربي وراشيا,الغد الأفضل,,
"محمد دهب نصر الية",,,,,
"ناجي نبيه هانم",ماروني,,,,
"جوزف جرجس ايوب",روم ارثوذكس,,,,
"فيصل عمررحل",,,,,
"علاء الدين عمر الشمالي",سدي,البقاع الغربي وراشيا,,,
"",,,,,البقاع يو
"علي صهحي صهح",,,,,
"ماكي بديع عون",ماروني,,,,
"وائل وههي لهو فاعور",درز تي,,,,
"نان سليمان السكاف",روم ارثوذكس,,,,
"زياد ناظم القادري",,,,,
"",سني,البقاع الغربي وراشيا,المستقبل للبقاع الغربي وراشيا,,
"محمد قاسم القرعاوي",,,,,
"امين محمد وهبي",,,,,
"هنري يوسف شديد",ماروني,,,,
"ساعد الية هولو عردو",روم كاثوليك,,,,
"عادل محمد بيان",,,,,
"وعدصك سهكرية",,,,,
"محمد نان مصطفى الشل",,,,,
"خلدون وجيهشريف",,,,,
"",,بعلبك الهرمل,الأرز الوطني,,
"عباس يوسف عساف",,,,,
"محمد خليل رعد",,,,,
"فؤاد خليل المولى",,,,,
"حمد علي دهب",,,,,
"ليلىيوسف تنوري",ماروني,,,,
"البر سامي منصور",روم كاثوليك,,,,
"يونس زكريا الرفاعي",,,,,
"الوليد محمد سمكرية",,,,,
"جميل محمد امين امين السيد",,,,,البقاع ق
"صك علي الحاجصن",,,,,
"",,بعلبك الهرمل,الأمل والوفاء,,
"ايهاب عروه حماده",,,,,
"علي محمد سلمان بشهر المقداد",,,,,
"ابراهيم علي الموسوي",,,,,
"غازي محمد زعيتر",,,,,
"اميل جورح رحمه",ماروني,,,,
"سهام جورح انطون",روم كاثوليك,,,,
"عبداله محمد الشل",,,,,
"سمك قاسم عز الدين",,,,,
"عباس محمد ياغي",,بعلبك الهرمل,الأنماء و التغيير,,
"علي حسين زعيتر",,,,,
"علي صهري بله حماده",,,,,
"شوقي طنوس الفخري",ماروني,,,,
