"رانيا فيكتور باسيل",,,,,
"",ماروني,جبيل,,,
"يوسف الياس يلملامه",,,,,
"",,,كلل وطني,,
"جوزفين انطوان زخهب",ماروني,كسروان,,,
"دوري نزيهضو",,,,,
"ربيع خليل عواد",,,,,
"وليد نجيب الخوري",,,,ه,جهل لبنان
"",ماروني,,,,
"سبيمون فريد ابي رميا",,,,,
"نعمهجورح افرام",,,,,
"",,,لبنان القوي,,
"زياد سليم بارود",,,,,
"روجه جرجي عازار",ماروني,كسروان,,,
"شامل رشيد روكز",,,,,
"منصور فؤاد غانم البون",,,,,
"انجب اوهانس انجب هاقرادونيان",ارمن ارثوذكس,,,,
"الياس نقولا هوصعب",,,,,
"",روم ارثوذكس,,,,
"نان اميل مخيبر",,,,,
"ادكار بولس معلوف",رو كاثوليك,,,,
"",ع,المتن,المتن القوي,,
"نان اسد الاشقر",,,,,
"كورين قيل الأشقر",,,,,
"",ماروني,,,,
"سركيس الياس سركيس",,,,,
"ابراهيميوسف كنعان",,,,,
"ارا مكرديج قيونيان",ارمن ارثوذكس,,,,
"",روم ارثوذكس,,,,
"جسيكا جوزيف عازار",,,,,
"ميشال جورح مكتف",روم كاثوليك,,,,
"",,,المتن قلب لبنان,,
"جيزيل ادوار عبدو نعمه هاشم",,,,,
"ماجد ادي فايق ابي اللمع",,,,,
"",ماروني,,,,
"رازي وديع الحاح",,,,,
"",,,,يو,جهل لبنان
"شكري نسيب مكرزل",,,,,
"ميشال الياس المر",روم ارثوذكس,,,,
"جورح جوزف عهود",روم كاثوليك,,,,
"ميلاد فارس السبعلي",,,الوفاء المتنية,,
"شربل سمعان ابو جوده",ماروني,,,,
"نجوى توفيق عازار",,,,,
"جورح نعيم الرحباني",روم ارثوذكس,,,,
"شربل مارون نحاس",روم كاثوليك,,,,
"فكتوريا سابع الخوري",,,,,
"لديب يوسف طعمه",,,,,
"",ماروني,,,,
"نادين فيكتورموس",,,,,
"اميلجرجي كنعان",,,,,
"يغيشه قره بت اندونيان",ارمن ارثوذكس,,,,
"فيوليت كركور عال",,,,,
"",روم ارثوذكس,,,,
"مازن اسعد السكاف",,,,,
